Wavelength (nm),Reflectance
300.0,0.05277565169162517
301.0,0.052817652397519385
302.0,0.05285965310341359
303.0,0.05290165380930781
304.0,0.05294365451520203
305.0,0.052985655221096245
306.0,0.053027655926990463
307.0,0.053069656632884675
308.0,0.053111657338778887
309.0,0.053153658044673105
310.0,0.05319565875056732
311.0,0.05323765945646154
312.0,0.05327966016235575
313.0,0.05332166086824997
314.0,0.05336366157414419
315.0,0.053405662280038395
316.0,0.05344766298593261
317.0,0.05348966369182683
318.0,0.05353166439772105
319.0,0.05357366510361527
320.0,0.05361566580950947
321.0,0.05365766651540369
322.0,0.05369966722129791
323.0,0.05374166792719213
324.0,0.05378366863308635
325.0,0.05382566933898056
326.0,0.05386767004487477
327.0,0.05390967075076899
328.0,0.05395167145666321
329.0,0.053993672162557425
330.0,0.05403567286845164
331.0,0.054077673574345855
332.0,0.054119674280240074
333.0,0.05416167498613428
334.0,0.0542036756920285
335.0,0.054245676397922715
336.0,0.054287677103816934
337.0,0.05432967780971115
338.0,0.05437167851560536
339.0,0.054413679221499575
340.0,0.054455679927393794
341.0,0.05449768063328801
342.0,0.05453968133918223
343.0,0.054581682045076435
344.0,0.054623682750970654
345.0,0.05466568345686487
346.0,0.05470768416275908
347.0,0.05474968486865331
348.0,0.05479168557454752
349.0,0.05483368628044174
350.0,0.05487568698633596
351.0,0.05491768769223016
352.0,0.05495968839812438
353.0,0.0550016891040186
354.0,0.05504368980991282
355.0,0.055085690515807036
356.0,0.05512769122170124
357.0,0.05516969192759546
358.0,0.05521169263348968
359.0,0.055253693339383896
360.0,0.055295694045278114
361.0,0.05533769475117232
362.0,0.05537969545706654
363.0,0.055421696162960755
364.0,0.05546369686885497
365.0,0.055505697574749185
366.0,0.055547698280643404
367.0,0.05558969898653762
368.0,0.05563169969243184
369.0,0.055673700398326045
370.0,0.055715701104220264
371.0,0.05575770181011448
372.0,0.0557997025160087
373.0,0.05584170322190292
374.0,0.055883703927797124
375.0,0.05592570463369134
376.0,0.05596770533958556
377.0,0.05600970604547978
378.0,0.056051706751374
379.0,0.0560937074572682
380.0,0.05613570816316242
381.0,0.05617770886905664
382.0,0.05621970957495085
383.0,0.05626171028084507
384.0,0.05630371098673929
385.0,0.056345711692633506
386.0,0.056387712398527724
387.0,0.05642971310442193
388.0,0.05647171381031615
389.0,0.056513714516210366
390.0,0.056555715222104584
391.0,0.0565977159279988
392.0,0.05663971663389301
393.0,0.056681717339787226
394.0,0.056723718045681444
395.0,0.05676571875157566
396.0,0.05680771945746988
397.0,0.056849720163364086
398.0,0.056891720869258304
399.0,0.05693372157515252
400.0,0.05721713810316139
401.0,0.05683860232945091
402.0,0.05712978369384358
403.0,0.057042429284525784
404.0,0.05698419301164725
405.0,0.05718801996672212
406.0,0.05718801996672212
407.0,0.0573044925124792
408.0,0.057275374376039925
409.0,0.0574792013311148
410.0,0.05753743760399334
411.0,0.057624792013311145
412.0,0.05771214642262894
413.0,0.057857737104825294
414.0,0.058265391014975035
415.0,0.05820715474209649
416.0,0.058352745424292835
417.0,0.058614808652246254
418.0,0.05852745424292845
419.0,0.05876039933444259
420.0,0.05905158069883527
421.0,0.0591971713810316
422.0,0.05937188019966721
423.0,0.05963394342762062
424.0,0.0596630615640599
425.0,0.05977953410981697
426.0,0.06007071547420964
427.0,0.060245424292845254
428.0,0.060449251247920124
429.0,0.06053660565723793
430.0,0.0607404326123128
431.0,0.06103161397670548
432.0,0.06094425956738767
433.0,0.06103161397670548
434.0,0.0612063227953411
435.0,0.06138103161397669
436.0,0.0612063227953411
437.0,0.061555740432612305
438.0,0.06146838602329449
439.0,0.06161397670549085
440.0,0.06181780366056571
441.0,0.06181780366056571
442.0,0.06184692179700498
443.0,0.06184692179700499
444.0,0.061992512479201324
445.0,0.06216722129783693
446.0,0.06216722129783693
447.0,0.062138103161397666
448.0,0.06237104825291181
449.0,0.06228369384359401
450.0,0.06245840266222962
451.0,0.06269134775374376
452.0,0.06269134775374376
453.0,0.06274958402662227
454.0,0.06295341098169716
455.0,0.06298252911813643
456.0,0.0630116472545757
457.0,0.06306988352745424
458.0,0.06315723793677203
459.0,0.06324459234608984
460.0,0.06330282861896837
461.0,0.06318635607321131
462.0,0.06321547420965057
463.0,0.06312811980033277
464.0,0.06333194675540764
465.0,0.06324459234608985
466.0,0.06324459234608983
467.0,0.06318635607321131
468.0,0.06330282861896837
469.0,0.06324459234608984
470.0,0.06321547420965057
471.0,0.06333194675540764
472.0,0.06318635607321131
473.0,0.06327371048252912
474.0,0.06330282861896838
475.0,0.06336106489184692
476.0,0.06315723793677203
477.0,0.06321547420965057
478.0,0.06312811980033277
479.0,0.06327371048252912
480.0,0.06312811980033277
481.0,0.06309900166389351
482.0,0.06312811980033277
483.0,0.06312811980033277
484.0,0.06312811980033277
485.0,0.06318635607321132
486.0,0.06330282861896837
487.0,0.06330282861896837
488.0,0.06324459234608984
489.0,0.06336106489184691
490.0,0.06347753743760398
491.0,0.063477537437604
492.0,0.06359400998336105
493.0,0.06368136439267887
494.0,0.06388519134775374
495.0,0.06397254575707152
496.0,0.0641763727121464
497.0,0.06435108153078202
498.0,0.06461314475873545
499.0,0.06484608985024957
500.0,0.06493344425956737
501.0,0.06522462562396006
502.0,0.0654575707154742
503.0,0.06583610648918468
504.0,0.0662728785357737
505.0,0.06670965058236271
506.0,0.06720465890183028
507.0,0.06778702163061563
508.0,0.06842762063227953
509.0,0.06918469217970048
510.0,0.07011647254575705
511.0,0.0709900166389351
512.0,0.07206738768718801
513.0,0.07331946755407653
514.0,0.07460066555740431
515.0,0.07620216306156405
516.0,0.07792013311148085
517.0,0.079783693843594
518.0,0.08179284525790348
519.0,0.0840349417637271
520.0,0.08650998336106487
521.0,0.08910149750415972
522.0,0.09175124792013309
523.0,0.09434276206322793
524.0,0.0971089850249584
525.0,0.09999168053244592
526.0,0.10261231281198004
527.0,0.1051747088186356
528.0,0.1077953410981697
529.0,0.10997920133111481
530.0,0.111959234608985
531.0,0.11402662229617304
532.0,0.11594841930116472
533.0,0.11752079866888518
534.0,0.11891846921797004
535.0,0.12019966722129781
536.0,0.12116056572379365
537.0,0.12215058236272877
538.0,0.12299500831946755
539.0,0.12381031613976705
540.0,0.12436356073211315
541.0,0.12491680532445924
542.0,0.1254700499168053
543.0,0.1261106489184692
544.0,0.12651830282861895
545.0,0.12695507487520796
546.0,0.12742096505823625
547.0,0.12803244592346086
548.0,0.12846921797004993
549.0,0.12896422628951748
550.0,0.12908069883527454
551.0,0.12943011647254576
552.0,0.12943011647254576
553.0,0.12951747088186355
554.0,0.1291098169717138
555.0,0.1287312811980033
556.0,0.12820715474209649
557.0,0.1271880199667221
558.0,0.126634775374376
559.0,0.12555740432612314
560.0,0.12415973377703825
561.0,0.1230241264559068
562.0,0.12168469217970049
563.0,0.12011231281198001
564.0,0.11833610648918466
565.0,0.11655990016638933
566.0,0.11475457570715474
567.0,0.11259983361064889
568.0,0.11067803660565723
569.0,0.10875623960066552
570.0,0.10645590682196336
571.0,0.10435940099833609
572.0,0.10235024958402661
573.0,0.10048668885191346
574.0,0.098914309484193
575.0,0.09731281198003323
576.0,0.09588602329450914
577.0,0.09451747088186356
578.0,0.09344009983361062
579.0,0.09215890183028284
580.0,0.09137271214642263
581.0,0.09020798668885191
582.0,0.08933444259567387
583.0,0.08851913477537436
584.0,0.08790765391014975
585.0,0.0872088186356073
586.0,0.08659733777038268
587.0,0.08601497504159733
588.0,0.0854034941763727
589.0,0.08514143094841929
590.0,0.08461730449251245
591.0,0.08429700499168051
592.0,0.08418053244592345
593.0,0.0837728785357737
594.0,0.08342346089850249
595.0,0.08333610648918467
596.0,0.08321963394342761
597.0,0.08295757071547419
598.0,0.08272462562396006
599.0,0.08260815307820299
600.0,0.08217138103161398
601.0,0.0821422628951747
602.0,0.08173460898502495
603.0,0.08147254575707154
604.0,0.08103577371048253
605.0,0.08048252911813643
606.0,0.07990016638935107
607.0,0.07949251247920132
608.0,0.07888103161397668
609.0,0.07841514143094841
610.0,0.07780366056572378
611.0,0.07719217970049916
612.0,0.07646422628951746
613.0,0.07602745424292845
614.0,0.07544509151414308
615.0,0.07503743760399335
616.0,0.07460066555740431
617.0,0.07430948419301163
618.0,0.07393094841930116
619.0,0.0735232945091514
620.0,0.07323211314475872
621.0,0.07305740432612312
622.0,0.07279534109816971
623.0,0.07270798668885191
624.0,0.07256239600665557
625.0,0.07250415973377702
626.0,0.07230033277870215
627.0,0.07221297836938435
628.0,0.07209650582362728
629.0,0.07230033277870215
630.0,0.07232945091514142
631.0,0.07209650582362728
632.0,0.07203826955074874
633.0,0.0719800332778702
634.0,0.0718926788685524
635.0,0.07168885191347751
636.0,0.0715432612312812
637.0,0.07122296173044924
638.0,0.07087354409317805
639.0,0.07058236272878535
640.0,0.07029118136439268
641.0,0.06997088186356074
642.0,0.06967970049916804
643.0,0.0691846921797005
644.0,0.06886439267886854
645.0,0.0686314475873544
646.0,0.06807820299500832
647.0,0.06807820299500832
648.0,0.0679034941763727
649.0,0.06729201331114808
650.0,0.06732113144758733
651.0,0.0670008319467554
652.0,0.0670008319467554
653.0,0.06670965058236271
654.0,0.06641846921797004
655.0,0.0663602329450915
656.0,0.06612728785357737
657.0,0.0660981697171381
658.0,0.06592346089850248
659.0,0.06542845257903493
660.0,0.06504991680532445
661.0,0.06487520798668885
662.0,0.06452579034941763
663.0,0.06458402662229616
664.0,0.06438019966722128
665.0,0.06429284525790349
666.0,0.06385607321131447
667.0,0.06391430948419301
668.0,0.06359400998336105
669.0,0.06379783693843594
670.0,0.06359400998336105
671.0,0.06359400998336105
672.0,0.06359400998336107
673.0,0.06341930116472545
674.0,0.06350665557404327
675.0,0.06347753743760398
676.0,0.06324459234608984
677.0,0.06347753743760398
678.0,0.06344841930116472
679.0,0.06344841930116472
680.0,0.0635648918469218
681.0,0.06388519134775372
682.0,0.06388519134775372
683.0,0.06391430948419301
684.0,0.06405990016638934
685.0,0.06420549084858568
686.0,0.06475873544093178
687.0,0.06531198003327787
688.0,0.06606905158069883
689.0,0.06735024958402662
690.0,0.06866056572379366
691.0,0.07020382695507486
692.0,0.07279534109816971
693.0,0.07588186356073211
694.0,0.07990016638935107
695.0,0.08485024958402661
696.0,0.09154742096505823
697.0,0.09862312811980031
698.0,0.10657237936772047
699.0,0.1158610648918469
700.0,0.12581946755407653
701.0,0.1368261231281198
702.0,0.1477454242928452
703.0,0.15985856905158066
704.0,0.1717970049916805
705.0,0.1843178036605657
706.0,0.1971297836938436
707.0,0.20994176372712148
708.0,0.22362728785357736
709.0,0.2381863560732113
710.0,0.2507071547420965
711.0,0.26555740432612307
712.0,0.280116472545757
713.0,0.2940931780366056
714.0,0.30836106489184695
715.0,0.3235024958402662
716.0,0.3383527454242928
717.0,0.35378535773710473
718.0,0.3683444259567387
719.0,0.3831946755407653
720.0,0.39746256239600664
721.0,0.41289517470881854
722.0,0.42745424292845247
723.0,0.4425956738768718
724.0,0.4559900166389351
725.0,0.469675540765391
726.0,0.4833610648918469
727.0,0.49646422628951736
728.0,0.5092762063227952
729.0,0.5217970049916804
730.0,0.5337354409317803
731.0,0.5445091514143094
732.0,0.5558652246256239
733.0,0.5651830282861896
734.0,0.574792013311148
735.0,0.5844009983361065
736.0,0.5937188019966723
737.0,0.6004159733777037
738.0,0.6071131447587353
739.0,0.6143926788685523
740.0,0.6190515806988351
741.0,0.625457570715474
742.0,0.6315723793677204
743.0,0.6388519134775373
744.0,0.6426372712146421
745.0,0.6490432612312812
746.0,0.652828618968386
747.0,0.6560316139767054
748.0,0.6598169717138103
749.0,0.6615640599001663
750.0,0.6647670549084858
751.0,0.6679700499168052
752.0,0.670881863560732
753.0,0.6735024958402661
754.0,0.6749584026622295
755.0,0.679034941763727
756.0,0.679034941763727
757.0,0.6793261231281197
758.0,0.6813643926788684
759.0,0.6828202995008318
760.0,0.6854409317803659
761.0,0.6860232945091514
762.0,0.6866056572379368
763.0,0.6874792013311146
764.0,0.6883527454242928
765.0,0.6877703826955073
766.0,0.6889351081530781
767.0,0.6886439267886854
768.0,0.6903910149750415
769.0,0.6915557404326121
770.0,0.6935940099833608
771.0,0.6906821963394342
772.0,0.6892262895174708
773.0,0.6915557404326121
774.0,0.6930116472545755
775.0,0.6915557404326121
776.0,0.6898086522462561
777.0,0.6921381031613975
778.0,0.6921381031613975
779.0,0.6915557404326121
780.0,0.6938851913477537
781.0,0.6935940099833608
782.0,0.6938851913477537
783.0,0.6930116472545755
784.0,0.692720465890183
785.0,0.6938851913477537
786.0,0.6935940099833608
787.0,0.6959234608985023
788.0,0.6956322795341097
789.0,0.6962146422628951
790.0,0.6967970049916804
791.0,0.6985440931780366
792.0,0.6950499168053242
793.0,0.6938851913477537
794.0,0.6915557404326121
795.0,0.694467554076539
796.0,0.694467554076539
797.0,0.6924292845257903
798.0,0.6933028286189684
799.0,0.6959234608985023
800.0,0.6947587354409316
801.0,0.6941763727121464
802.0,0.6959234608985023
803.0,0.6950499168053244
804.0,0.697961730449251
805.0,0.6982529118136437
806.0,0.7008735440931779
807.0,0.6988352745424292
808.0,0.6982529118136437
809.0,0.694467554076539
810.0,0.6956322795341097
811.0,0.695341098169717
812.0,0.695341098169717
813.0,0.6956322795341097
814.0,0.6935940099833608
815.0,0.6967970049916804
816.0,0.6997088186356071
817.0,0.7005823627287853
818.0,0.701747088186356
819.0,0.7011647254575706
820.0,0.7005823627287853
821.0,0.6991264559068218
822.0,0.6988352745424292
823.0,0.6976705490848584
824.0,0.697961730449251
825.0,0.6976705490848584
826.0,0.7
827.0,0.7005823627287853
828.0,0.6956322795341098
829.0,0.6997088186356073
830.0,0.7032029950083194
831.0,0.6997088186356073
832.0,0.7005823627287853
833.0,0.6991264559068218
834.0,0.6988352745424292
835.0,0.6967970049916804
836.0,0.6938851913477537
837.0,0.6991264559068218
838.0,0.705241264559068
839.0,0.7014559068219632
840.0,0.7005823627287853
841.0,0.7
842.0,0.7
843.0,0.6985440931780366
844.0,0.7011647254575708
845.0,0.702620632279534
846.0,0.7002911813643926
847.0,0.7023294509151413
848.0,0.6997088186356073
849.0,0.6959234608985024
850.0,0.6976705490848584
851.0,0.7040765391014975
852.0,0.7040765391014975
853.0,0.7008735440931779
854.0,0.7002911813643926
855.0,0.7005823627287853
856.0,0.7023294509151413
857.0,0.7023294509151413
858.0,0.7
859.0,0.7002911813643926
860.0,0.697961730449251
861.0,0.7014559068219632
862.0,0.7011647254575706
863.0,0.7005823627287853
864.0,0.6994176372712146
865.0,0.6997088186356073
866.0,0.6988352745424292
867.0,0.6985440931780366
868.0,0.6991264559068218
869.0,0.6985440931780366
870.0,0.6988352745424292
871.0,0.6997088186356073
872.0,0.7
873.0,0.6991264559068218
874.0,0.6991264559068218
875.0,0.6991264559068218
876.0,0.6991264559068218
877.0,0.6985440931780366
878.0,0.6997088186356071
879.0,0.7
880.0,0.6994176372712146
881.0,0.6994176372712146
882.0,0.6997088186356073
883.0,0.7002911813643926
884.0,0.7
885.0,0.7
886.0,0.6994176372712146
887.0,0.6991264559068218
888.0,0.6994176372712144
889.0,0.6997088186356071
890.0,0.6994176372712146
891.0,0.6991264559068218
892.0,0.6991264559068218
893.0,0.7
894.0,0.7
895.0,0.6991264559068218
896.0,0.6997088186356071
897.0,0.6997088186356071
898.0,0.6994176372712146
899.0,0.6997088186356071
900.0,0.7
901.0,0.6994176372712146
902.0,0.6991264559068218
903.0,0.6997088186356073
904.0,0.6994176372712146
905.0,0.6988352745424292
906.0,0.6994176372712144
907.0,0.6985440931780366
908.0,0.6985440931780366
909.0,0.6988352745424292
910.0,0.6988352745424293
911.0,0.6994176372712146
912.0,0.6994176372712146
913.0,0.6991264559068218
914.0,0.7
915.0,0.6988352745424292
916.0,0.6985440931780366
917.0,0.6982529118136437
918.0,0.6991264559068218
919.0,0.6985440931780366
920.0,0.6985440931780366
921.0,0.6988352745424292
922.0,0.697961730449251
923.0,0.6982529118136437
924.0,0.6982529118136439
925.0,0.6988352745424293
926.0,0.6991264559068218
927.0,0.6982529118136437
928.0,0.6988352745424293
929.0,0.697961730449251
930.0,0.6979617304492512
931.0,0.6973793677204658
932.0,0.6967970049916804
933.0,0.6976705490848584
934.0,0.6967970049916804
935.0,0.6967970049916804
936.0,0.6973793677204658
937.0,0.6967970049916804
938.0,0.6970881863560732
939.0,0.6967970049916804
940.0,0.6967970049916804
941.0,0.6976705490848584
942.0,0.6973793677204658
943.0,0.6967970049916804
944.0,0.6962146422628951
945.0,0.6956322795341097
946.0,0.6950499168053244
947.0,0.695341098169717
948.0,0.695341098169717
949.0,0.694467554076539
950.0,0.6933028286189682
951.0,0.6935940099833608
952.0,0.6930116472545755
953.0,0.6921381031613975
954.0,0.6927204658901828
955.0,0.6933028286189684
956.0,0.6918469217970048
957.0,0.6915557404326121
958.0,0.6909733777038268
959.0,0.6906821963394342
960.0,0.6909733777038268
961.0,0.6898086522462561
962.0,0.6903910149750415
963.0,0.6898086522462561
964.0,0.6895174708818634
965.0,0.6892262895174708
966.0,0.6886439267886855
967.0,0.6895174708818634
968.0,0.6900998336106487
969.0,0.6895174708818634
970.0,0.6886439267886855
971.0,0.6892262895174708
972.0,0.6880615640599002
973.0,0.6892262895174708
974.0,0.6892262895174708
975.0,0.6886439267886855
976.0,0.6886439267886855
977.0,0.6889351081530781
978.0,0.6886439267886855
979.0,0.6892262895174708
980.0,0.6886439267886855
981.0,0.6883527454242928
982.0,0.688935108153078
983.0,0.6883527454242928
984.0,0.6892262895174708
985.0,0.6889351081530781
986.0,0.6886439267886855
987.0,0.6892262895174708
988.0,0.6889351081530781
989.0,0.6880615640598999
990.0,0.6892262895174708
991.0,0.6892262895174708
992.0,0.6898086522462561
993.0,0.6900998336106489
994.0,0.6898086522462562
995.0,0.6903910149750414
996.0,0.6906821963394342
997.0,0.6903910149750414
998.0,0.6903910149750415
999.0,0.6903910149750414
1000.0,0.6906821963394342
1001.0,0.6906821963394342
1002.0,0.6906821963394342
1003.0,0.6915557404326121
1004.0,0.6918469217970048
1005.0,0.6912645590682196
1006.0,0.6918469217970048
1007.0,0.6915557404326121
1008.0,0.6918469217970048
1009.0,0.6930116472545755
1010.0,0.692720465890183
1011.0,0.6921381031613975
1012.0,0.692720465890183
1013.0,0.6933028286189682
1014.0,0.6930116472545755
1015.0,0.6938851913477535
1016.0,0.6933028286189682
1017.0,0.6930116472545755
1018.0,0.6941763727121462
1019.0,0.6941763727121462
1020.0,0.6935940099833608
1021.0,0.6935940099833608
1022.0,0.6938851913477537
1023.0,0.6941763727121462
1024.0,0.6941763727121462
1025.0,0.6941763727121462
1026.0,0.6947587354409317
1027.0,0.6938851913477537
1028.0,0.6941763727121462
1029.0,0.6941763727121462
1030.0,0.6947587354409317
1031.0,0.695341098169717
1032.0,0.695341098169717
1033.0,0.6950499168053242
1034.0,0.6956322795341097
1035.0,0.694467554076539
1036.0,0.6956322795341097
1037.0,0.6962146422628951
1038.0,0.695341098169717
1039.0,0.6962146422628951
1040.0,0.6962146422628951
1041.0,0.6962146422628951
1042.0,0.6956322795341097
1043.0,0.6959234608985023
1044.0,0.6965058236272877
1045.0,0.6973793677204658
1046.0,0.6967970049916805
1047.0,0.6965058236272877
1048.0,0.6965058236272877
1049.0,0.6967970049916804
1050.0,0.6976705490848584
1051.0,0.6967970049916804
1052.0,0.6965058236272877
1053.0,0.6976705490848584
1054.0,0.697961730449251
1055.0,0.6976705490848584
1056.0,0.6976705490848584
1057.0,0.6970881863560732
1058.0,0.6976705490848584
1059.0,0.6973793677204658
1060.0,0.6976705490848584
1061.0,0.6976705490848584
1062.0,0.697961730449251
1063.0,0.697961730449251
1064.0,0.697961730449251
1065.0,0.697961730449251
1066.0,0.6982529118136437
1067.0,0.6982529118136437
1068.0,0.6973793677204658
1069.0,0.6976705490848584
1070.0,0.6982529118136437
1071.0,0.6967970049916805
1072.0,0.6967970049916805
1073.0,0.6973793677204658
1074.0,0.697961730449251
1075.0,0.6970881863560732
1076.0,0.697961730449251
1077.0,0.6976705490848584
1078.0,0.6967970049916805
1079.0,0.6973793677204658
1080.0,0.6982529118136437
1081.0,0.6973793677204658
1082.0,0.6970881863560732
1083.0,0.6973793677204658
1084.0,0.6970881863560732
1085.0,0.6973793677204658
1086.0,0.6970881863560732
1087.0,0.6967970049916805
1088.0,0.6967970049916804
1089.0,0.697961730449251
1090.0,0.6973793677204658
1091.0,0.6973793677204658
1092.0,0.6976705490848584
1093.0,0.6973793677204658
1094.0,0.6965058236272877
1095.0,0.6962146422628951
1096.0,0.6956322795341097
1097.0,0.6959234608985023
1098.0,0.6965058236272877
1099.0,0.6962146422628951
1100.0,0.6959234608985024
1101.0,0.6962146422628951
1102.0,0.6956322795341098
1103.0,0.6962146422628951
1104.0,0.6962146422628951
1105.0,0.6959234608985024
1106.0,0.6962146422628951
1107.0,0.6956322795341098
1108.0,0.6965058236272877
1109.0,0.6950499168053244
1110.0,0.6947587354409317
1111.0,0.6950499168053244
1112.0,0.695341098169717
1113.0,0.6950499168053244
1114.0,0.695341098169717
1115.0,0.6947587354409317
1116.0,0.695341098169717
1117.0,0.694467554076539
1118.0,0.6941763727121464
1119.0,0.694467554076539
1120.0,0.6938851913477537
1121.0,0.6935940099833611
1122.0,0.6930116472545755
1123.0,0.6933028286189682
1124.0,0.6921381031613975
1125.0,0.6918469217970048
1126.0,0.6918469217970048
1127.0,0.6918469217970048
1128.0,0.6906821963394342
1129.0,0.6906821963394342
1130.0,0.6903910149750415
1131.0,0.6892262895174708
1132.0,0.6892262895174708
1133.0,0.6883527454242928
1134.0,0.6877703826955073
1135.0,0.6863144758735439
1136.0,0.6851497504159733
1137.0,0.6839850249584026
1138.0,0.6836938435940099
1139.0,0.6819467554076539
1140.0,0.6813643926788684
1141.0,0.6801996672212977
1142.0,0.6793261231281197
1143.0,0.6775790349417636
1144.0,0.677287853577371
1145.0,0.6764143094841929
1146.0,0.6743760399334443
1147.0,0.6746672212978368
1148.0,0.6735024958402661
1149.0,0.6720465890183028
1150.0,0.6711730449251248
1151.0,0.6702995008319467
1152.0,0.6694259567387686
1153.0,0.6685524126455906
1154.0,0.6676788685524125
1155.0,0.6673876871880199
1156.0,0.6665141430948419
1157.0,0.6659317803660565
1158.0,0.6653494176372712
1159.0,0.6653494176372712
1160.0,0.6641846921797004
1161.0,0.6633111480865224
1162.0,0.6630199667221297
1163.0,0.6630199667221297
1164.0,0.6627287853577369
1165.0,0.6624376039933443
1166.0,0.661855241264559
1167.0,0.6621464226289516
1168.0,0.6621464226289516
1169.0,0.661855241264559
1170.0,0.6612728785357737
1171.0,0.6612728785357737
1172.0,0.6598169717138103
1173.0,0.6601081530782029
1174.0,0.6601081530782029
1175.0,0.6598169717138103
1176.0,0.6603993344425957
1177.0,0.6595257903494176
1178.0,0.6592346089850248
1179.0,0.6583610648918469
1180.0,0.6574875207986688
1181.0,0.6571963394342761
1182.0,0.6574875207986688
1183.0,0.6569051580698835
1184.0,0.6566139767054908
1185.0,0.656322795341098
1186.0,0.6554492512479201
1187.0,0.6551580698835274
1188.0,0.6548668885191348
1189.0,0.6539933444259567
1190.0,0.6548668885191348
1191.0,0.6574875207986688
1192.0,0.656322795341098
1193.0,0.6551580698835274
1194.0,0.6554492512479201
1195.0,0.6551580698835274
1196.0,0.6557404326123126
1197.0,0.6560316139767054
1198.0,0.6560316139767054
1199.0,0.656322795341098
1200.0,0.6557404326123126
1201.0,0.6554492512479201
1202.0,0.6554492512479201
1203.0,0.6557404326123126
1204.0,0.6557404326123126
1205.0,0.656322795341098
1206.0,0.6554492512479201
1207.0,0.6560316139767054
1208.0,0.6560316139767054
1209.0,0.6566139767054908
1210.0,0.6566139767054907
1211.0,0.6569051580698835
1212.0,0.6571963394342761
1213.0,0.6577787021630614
1214.0,0.6574875207986688
1215.0,0.6569051580698835
1216.0,0.6574875207986688
1217.0,0.6586522462562395
1218.0,0.6583610648918469
1219.0,0.6586522462562395
1220.0,0.6589434276206322
1221.0,0.6589434276206322
1222.0,0.6589434276206323
1223.0,0.6598169717138103
1224.0,0.6601081530782029
1225.0,0.660108153078203
1226.0,0.660108153078203
1227.0,0.660108153078203
1228.0,0.660981697171381
1229.0,0.6612728785357737
1230.0,0.6615640599001663
1231.0,0.6612728785357737
1232.0,0.661855241264559
1233.0,0.661855241264559
1234.0,0.6624376039933443
1235.0,0.661855241264559
1236.0,0.661855241264559
1237.0,0.662728785357737
1238.0,0.6630199667221297
1239.0,0.6633111480865224
1240.0,0.6624376039933443
1241.0,0.6633111480865224
1242.0,0.6633111480865224
1243.0,0.6638935108153077
1244.0,0.6633111480865224
1245.0,0.6644758735440931
1246.0,0.6644758735440931
1247.0,0.6650582362728784
1248.0,0.6641846921797004
1249.0,0.6647670549084858
1250.0,0.6641846921797004
1251.0,0.6638935108153079
1252.0,0.6647670549084858
1253.0,0.6650582362728785
1254.0,0.6656405990016638
1255.0,0.6650582362728785
1256.0,0.6647670549084858
1257.0,0.6650582362728785
1258.0,0.6659317803660565
1259.0,0.6653494176372712
1260.0,0.6656405990016638
1261.0,0.6656405990016638
1262.0,0.6653494176372712
1263.0,0.6659317803660565
1264.0,0.6650582362728785
1265.0,0.6653494176372712
1266.0,0.6659317803660565
1267.0,0.6650582362728785
1268.0,0.6653494176372712
1269.0,0.6653494176372712
1270.0,0.6656405990016638
1271.0,0.6659317803660565
1272.0,0.6653494176372712
1273.0,0.6647670549084858
1274.0,0.6653494176372712
1275.0,0.6656405990016638
1276.0,0.6647670549084858
1277.0,0.6644758735440931
1278.0,0.6644758735440931
1279.0,0.6641846921797004
1280.0,0.6644758735440931
1281.0,0.6644758735440931
1282.0,0.6644758735440931
1283.0,0.6641846921797004
1284.0,0.6644758735440931
1285.0,0.6641846921797004
1286.0,0.6647670549084859
1287.0,0.663602329450915
1288.0,0.6641846921797004
1289.0,0.663602329450915
1290.0,0.6621464226289516
1291.0,0.6630199667221297
1292.0,0.661855241264559
1293.0,0.6612728785357737
1294.0,0.6615640599001663
1295.0,0.6606905158069883
1296.0,0.660981697171381
1297.0,0.6603993344425957
1298.0,0.6601081530782029
1299.0,0.6606905158069883
1300.0,0.6595257903494176
1301.0,0.6574875207986688
1302.0,0.6589434276206322
1303.0,0.6583610648918469
1304.0,0.6571963394342761
1305.0,0.6569051580698835
1306.0,0.656322795341098
1307.0,0.6560316139767054
1308.0,0.6551580698835274
1309.0,0.6548668885191348
1310.0,0.6542845257903492
1311.0,0.6534109816971713
1312.0,0.6531198003327786
1313.0,0.651955074875208
1314.0,0.6507903494176371
1315.0,0.6502079866888518
1316.0,0.6502079866888518
1317.0,0.6490432612312812
1318.0,0.647296173044925
1319.0,0.647296173044925
1320.0,0.6452579034941763
1321.0,0.6452579034941763
1322.0,0.6435108153078202
1323.0,0.642928452579035
1324.0,0.6420549084858568
1325.0,0.6411813643926788
1326.0,0.6394342762063226
1327.0,0.638269550748752
1328.0,0.6373960066555739
1329.0,0.6356489184692179
1330.0,0.6347753743760399
1331.0,0.6341930116472545
1332.0,0.6324459234608983
1333.0,0.6312811980033277
1334.0,0.630116472545757
1335.0,0.6286605657237936
1336.0,0.6274958402662228
1337.0,0.6266222961730449
1338.0,0.6245840266222961
1339.0,0.6234193011647254
1340.0,0.6228369384359401
1341.0,0.621089850249584
1342.0,0.6199251247920132
1343.0,0.6193427620632279
1344.0,0.6175956738768719
1345.0,0.6170133111480863
1346.0,0.6152662229617304
1347.0,0.6141014975041597
1348.0,0.6123544093178035
1349.0,0.612063227953411
1350.0,0.6111896838602328
1351.0,0.6094425956738767
1352.0,0.6079866888519134
1353.0,0.6071131447587353
1354.0,0.6065307820299499
1355.0,0.6044925124792013
1356.0,0.6027454242928452
1357.0,0.6018718801996671
1358.0,0.6009983361064891
1359.0,0.6004159733777037
1360.0,0.6007071547420963
1361.0,0.5998336106489185
1362.0,0.5980865224625624
1363.0,0.5960482529118136
1364.0,0.5945923460898501
1365.0,0.593718801996672
1366.0,0.591971713810316
1367.0,0.591098169717138
1368.0,0.5884775374376039
1369.0,0.587603993344426
1370.0,0.5844009983361065
1371.0,0.5823627287853577
1372.0,0.5797420965058235
1373.0,0.5765391014975041
1374.0,0.5736272878535773
1375.0,0.5704242928452579
1376.0,0.5657653910149749
1377.0,0.5625623960066555
1378.0,0.5599417637271213
1379.0,0.5567387687188019
1380.0,0.5532445923460898
1381.0,0.5480033277870215
1382.0,0.5418885191347753
1383.0,0.5369384359400997
1384.0,0.5308236272878535
1385.0,0.5229617304492512
1386.0,0.5168469217970049
1387.0,0.5095673876871879
1388.0,0.5019966722129783
1389.0,0.49500831946755397
1390.0,0.4874376039933444
1391.0,0.48074043261231275
1392.0,0.4728785357737105
1393.0,0.46414309484193
1394.0,0.455990016638935
1395.0,0.44725457570715466
1396.0,0.4393926788685524
1397.0,0.430657237936772
1398.0,0.42250415973377703
1399.0,0.4163893510815307
1400.0,0.40707154742096496
1401.0,0.3995008319467554
1402.0,0.3919301164725457
1403.0,0.3855241264559067
1404.0,0.37853577371048247
1405.0,0.37300332778702167
1406.0,0.3660149750415973
1407.0,0.35931780366056565
1408.0,0.35378535773710473
1409.0,0.3476705490848585
1410.0,0.3430116472545756
1411.0,0.33747920133111475
1412.0,0.3325291181364392
1413.0,0.3290349417637271
1414.0,0.32437603993344427
1415.0,0.32029950083194675
1416.0,0.3168053244592346
1417.0,0.31331114808652244
1418.0,0.3106905158069883
1419.0,0.30748752079866887
1420.0,0.30311980033277863
1421.0,0.3010815307820299
1422.0,0.2984608985024958
1423.0,0.295549084858569
1424.0,0.29351081530782025
1425.0,0.29118136439267883
1426.0,0.2894342762063228
1427.0,0.28739600665557397
1428.0,0.2859400998336106
1429.0,0.2841930116472545
1430.0,0.2818635607321131
1431.0,0.2809900166389351
1432.0,0.279242928452579
1433.0,0.2780782029950083
1434.0,0.2772046589018302
1435.0,0.2772046589018302
1436.0,0.2751663893510815
1437.0,0.27400166389351077
1438.0,0.27400166389351077
1439.0,0.2728369384359401
1440.0,0.27167221297836935
1441.0,0.27079866888519133
1442.0,0.27021630615640596
1443.0,0.2693427620632279
1444.0,0.2699251247920133
1445.0,0.26846921797004986
1446.0,0.26876039933444257
1447.0,0.26876039933444257
1448.0,0.26817803660565714
1449.0,0.26788685524126454
1450.0,0.26846921797004986
1451.0,0.2681780366056572
1452.0,0.26876039933444257
1453.0,0.26846921797004986
1454.0,0.26788685524126454
1455.0,0.2675956738768719
1456.0,0.26817803660565714
1457.0,0.26817803660565714
1458.0,0.2681780366056572
1459.0,0.2693427620632279
1460.0,0.26934276206322794
1461.0,0.26963394342762054
1462.0,0.2705074875207987
1463.0,0.27079866888519133
1464.0,0.27138103161397675
1465.0,0.2722545757071547
1466.0,0.27254575707154743
1467.0,0.27400166389351077
1468.0,0.27429284525790343
1469.0,0.2751663893510815
1470.0,0.27691347753743756
1471.0,0.2789517470881864
1472.0,0.28040765391014966
1473.0,0.28157237936772045
1474.0,0.2824459234608985
1475.0,0.2841930116472545
1476.0,0.28623128119800334
1477.0,0.28797836938435933
1478.0,0.2894342762063227
1479.0,0.2914725457570715
1480.0,0.29234608985024957
1481.0,0.29496672212978364
1482.0,0.29642262895174704
1483.0,0.29816971713810314
1484.0,0.29991680532445925
1485.0,0.30224625623960066
1486.0,0.30428452579034937
1487.0,0.30544925124792005
1488.0,0.30719633943427616
1489.0,0.3095257903494176
1490.0,0.3112728785357737
1491.0,0.3130199667221297
1492.0,0.3144758735440932
1493.0,0.3162229617304492
1494.0,0.3185524126455907
1495.0,0.32029950083194675
1496.0,0.32262895174708817
1497.0,0.3237936772046589
1498.0,0.326414309484193
1499.0,0.328161397670549
1500.0,0.3304908485856905
1501.0,0.33223793677204655
1502.0,0.33427620632279526
1503.0,0.33660565723793673
1504.0,0.3386439267886855
1505.0,0.34126455906821956
1506.0,0.3430116472545756
1507.0,0.344467554076539
1508.0,0.34650582362728777
1509.0,0.34825291181364393
1510.0,0.35029118136439263
1511.0,0.352620632279534
1512.0,0.35436772046589016
1513.0,0.35669717138103163
1514.0,0.35873544093178034
1515.0,0.359900166389351
1516.0,0.3625207986688852
1517.0,0.36397670549084854
1518.0,0.3660149750415973
1519.0,0.3674708818635607
1520.0,0.36921797004991674
1521.0,0.3712562396006655
1522.0,0.3738768718801996
1523.0,0.375332778702163
1524.0,0.3770798668885191
1525.0,0.37824459234608976
1526.0,0.3805740432612313
1527.0,0.3823211314475874
1528.0,0.38406821963394333
1529.0,0.3858153078202995
1530.0,0.3881447587354409
1531.0,0.38930948419301165
1532.0,0.3910565723793677
1533.0,0.3925124792013311
1534.0,0.3942595673876872
1535.0,0.39629783693843595
1536.0,0.39804492512479195
1537.0,0.39891846921797003
1538.0,0.40008319467554077
1539.0,0.40183028286189676
1540.0,0.40357737104825286
1541.0,0.4056156405990016
1542.0,0.4073627287853577
1543.0,0.40881863560732107
1544.0,0.41027454242928446
1545.0,0.41173044925124785
1546.0,0.41347753743760396
1547.0,0.4149334442595673
1548.0,0.41609816971713803
1549.0,0.41726289517470877
1550.0,0.41900998336106476
1551.0,0.4201747088186356
1552.0,0.42133943427620624
1553.0,0.42279534109816974
1554.0,0.4245424292845257
1555.0,0.42628951747088184
1556.0,0.42803660565723783
1557.0,0.4292013311148086
1558.0,0.43007487520798665
1559.0,0.4309484193011647
1560.0,0.4321131447587354
1561.0,0.43386023294509146
1562.0,0.43415141430948406
1563.0,0.4353161397670549
1564.0,0.4376455906821963
1565.0,0.43851913477537435
1566.0,0.4393926788685524
1567.0,0.44084858569051577
1568.0,0.44201331114808645
1569.0,0.4425956738768718
1570.0,0.4440515806988352
1571.0,0.44492512479201324
1572.0,0.44638103161397663
1573.0,0.44667221297836934
1574.0,0.4484193011647254
1575.0,0.4498752079866888
1576.0,0.4507487520798668
1577.0,0.45162229617304483
1578.0,0.4522046589018302
1579.0,0.4530782029950083
1580.0,0.4545341098169716
1581.0,0.45569883527454236
1582.0,0.4565723793677204
1583.0,0.4574459234608984
1584.0,0.45831946755407654
1585.0,0.4591930116472545
1586.0,0.45948419301164717
1587.0,0.46152246256239593
1588.0,0.46297836938435927
1589.0,0.463269550748752
1590.0,0.46356073211314475
1591.0,0.46443427620632277
1592.0,0.46501663893510814
1593.0,0.46589018302828616
1594.0,0.46734608985024956
1595.0,0.4682196339434276
1596.0,0.46909317803660555
1597.0,0.4702579034941764
1598.0,0.4720049916805324
1599.0,0.472296173044925
1600.0,0.47346089850249584
1601.0,0.4737520798668885
1602.0,0.4752079866888519
1603.0,0.4757903494176372
1604.0,0.4766638935108153
1605.0,0.47695507487520794
1606.0,0.4772462562396006
1607.0,0.4781198003327787
1608.0,0.47870216306156405
1609.0,0.47957570715474207
1610.0,0.47957570715474207
1611.0,0.48103161397670546
1612.0,0.4813227953410982
1613.0,0.4827787021630615
1614.0,0.4833610648918469
1615.0,0.4842346089850249
1616.0,0.4845257903494176
1617.0,0.48539933444259564
1618.0,0.485108153078203
1619.0,0.4856905158069883
1620.0,0.4865640599001664
1621.0,0.48685524126455904
1622.0,0.48772878535773706
1623.0,0.4888935108153078
1624.0,0.4900582362728784
1625.0,0.4903494176372712
1626.0,0.4900582362728785
1627.0,0.4900582362728784
1628.0,0.4909317803660565
1629.0,0.4912229617304492
1630.0,0.49151414309484187
1631.0,0.49238768718801984
1632.0,0.4926788685524126
1633.0,0.4932612312811979
1634.0,0.4935524126455906
1635.0,0.49413477537437606
1636.0,0.49442595673876866
1637.0,0.4947171381031613
1638.0,0.495881863560732
1639.0,0.495881863560732
1640.0,0.4961730449251248
1641.0,0.4967554076539101
1642.0,0.4976289517470881
1643.0,0.4976289517470881
1644.0,0.4982113144758734
1645.0,0.4982113144758734
1646.0,0.49879367720465884
1647.0,0.49879367720465884
1648.0,0.49733777038269544
1649.0,0.49850249584026624
1650.0,0.49937603993344415
1651.0,0.49850249584026624
1652.0,0.49850249584026624
1653.0,0.49792013311148076
1654.0,0.4982113144758736
1655.0,0.49821131447587347
1656.0,0.49850249584026624
1657.0,0.49733777038269544
1658.0,0.4967554076539101
1659.0,0.49733777038269544
1660.0,0.49704658901830284
1661.0,0.4961730449251247
1662.0,0.49559068219633934
1663.0,0.4964642262895174
1664.0,0.49588186356073216
1665.0,0.49559068219633934
1666.0,0.4947171381031613
1667.0,0.4938435940099833
1668.0,0.4935524126455906
1669.0,0.4935524126455906
1670.0,0.49413477537437606
1671.0,0.49588186356073205
1672.0,0.49559068219633934
1673.0,0.4952995008319467
1674.0,0.4947171381031613
1675.0,0.49413477537437606
1676.0,0.49442595673876866
1677.0,0.4947171381031613
1678.0,0.49413477537437606
1679.0,0.4932612312811979
1680.0,0.4923876871880199
1681.0,0.4918053244592345
1682.0,0.4912229617304492
1683.0,0.4909317803660565
1684.0,0.4909317803660565
1685.0,0.49064059900166385
1686.0,0.4897670549084858
1687.0,0.4894758735440931
1688.0,0.4886023294509151
1689.0,0.4886023294509151
1690.0,0.4880199667221298
1691.0,0.4874376039933444
1692.0,0.4865640599001663
1693.0,0.4865640599001664
1694.0,0.485108153078203
1695.0,0.4848169717138104
1696.0,0.4845257903494176
1697.0,0.4827787021630615
1698.0,0.48306988352745417
1699.0,0.48248752079866886
1700.0,0.4813227953410982
1701.0,0.4804492512479201
1702.0,0.4798668885191347
1703.0,0.4801580698835274
1704.0,0.47928452579034936
1705.0,0.47870216306156405
1706.0,0.4772462562396006
1707.0,0.4763727121464226
1708.0,0.47579034941763726
1709.0,0.4752079866888519
1710.0,0.4743344425956738
1711.0,0.4731697171381032
1712.0,0.4722961730449251
1713.0,0.4720049916805324
1714.0,0.4714226289517471
1715.0,0.47025790349417634
1716.0,0.4708402662229617
1717.0,0.4693843594009983
1718.0,0.469675540765391
1719.0,0.46880199667221295
1720.0,0.4679284525790349
1721.0,0.46734608985024956
1722.0,0.46763727121464227
1723.0,0.46763727121464227
1724.0,0.46647254575707153
1725.0,0.46647254575707153
1726.0,0.46589018302828616
1727.0,0.46618136439267877
1728.0,0.46443427620632277
1729.0,0.4647254575707154
1730.0,0.46501663893510814
1731.0,0.4641430948419301
1732.0,0.46356073211314475
1733.0,0.4632695507487521
1734.0,0.46239600665557395
1735.0,0.46152246256239604
1736.0,0.46123128119800333
1737.0,0.46123128119800333
1738.0,0.4603577371048252
1739.0,0.46006655574043254
1740.0,0.4591930116472545
1741.0,0.4591930116472545
1742.0,0.45861064891846914
1743.0,0.4580282861896838
1744.0,0.4568635607321131
1745.0,0.45686356073211304
1746.0,0.4562811980033277
1747.0,0.455990016638935
1748.0,0.4554076539101497
1749.0,0.45424292845257896
1750.0,0.45336938435940094
1751.0,0.45278702163061557
1752.0,0.45191347753743755
1753.0,0.45103993344425947
1754.0,0.45045757071547415
1755.0,0.44900166389351076
1756.0,0.44871048252911805
1757.0,0.44783693843594
1758.0,0.446963394342762
1759.0,0.44754575707154737
1760.0,0.446963394342762
1761.0,0.44579866888519126
1762.0,0.44521630615640595
1763.0,0.4446339434276206
1764.0,0.4446339434276206
1765.0,0.4440515806988352
1766.0,0.4431780366056572
1767.0,0.4425956738768717
1768.0,0.4431780366056572
1769.0,0.4428868552412645
1770.0,0.4425956738768718
1771.0,0.44201331114808645
1772.0,0.4414309484193011
1773.0,0.44055740432612306
1774.0,0.4408485856905157
1775.0,0.4405574043261231
1776.0,0.44084858569051577
1777.0,0.4405574043261231
1778.0,0.4402662229617304
1779.0,0.4411397670549085
1780.0,0.43997504159733775
1781.0,0.44055740432612306
1782.0,0.4402662229617304
1783.0,0.43968386023294503
1784.0,0.4399750415973377
1785.0,0.4393926788685524
1786.0,0.43997504159733775
1787.0,0.4399750415973377
1788.0,0.4393926788685523
1789.0,0.4402662229617303
1790.0,0.4402662229617304
1791.0,0.43997504159733775
1792.0,0.44055740432612306
1793.0,0.4411397670549085
1794.0,0.4417221297836938
1795.0,0.4414309484193011
1796.0,0.44230449251247916
1797.0,0.4417221297836938
1798.0,0.4423044925124791
1799.0,0.4417221297836938
1800.0,0.4425956738768718
1801.0,0.4431780366056572
1802.0,0.44376039933444256
1803.0,0.44376039933444256
1804.0,0.4431780366056572
1805.0,0.4431780366056572
1806.0,0.4446339434276206
1807.0,0.44492512479201324
1808.0,0.4434692179700499
1809.0,0.4443427620632279
1810.0,0.4440515806988352
1811.0,0.44492512479201324
1812.0,0.4457986688851913
1813.0,0.4452163061564059
1814.0,0.4455074875207986
1815.0,0.4455074875207986
1816.0,0.44550748752079855
1817.0,0.44579866888519126
1818.0,0.4463810316139767
1819.0,0.44667221297836934
1820.0,0.44725457570715466
1821.0,0.44667221297836934
1822.0,0.446089850249584
1823.0,0.44579866888519126
1824.0,0.44579866888519126
1825.0,0.4455074875207986
1826.0,0.4455074875207986
1827.0,0.4452163061564059
1828.0,0.4452163061564059
1829.0,0.4446339434276206
1830.0,0.4452163061564059
1831.0,0.4446339434276206
1832.0,0.4440515806988352
1833.0,0.44492512479201324
1834.0,0.4440515806988352
1835.0,0.44346921797004984
1836.0,0.4431780366056572
1837.0,0.44230449251247916
1838.0,0.44201331114808645
1839.0,0.44143094841930114
1840.0,0.4402662229617304
1841.0,0.4399750415973377
1842.0,0.43910149750415967
1843.0,0.437936772046589
1844.0,0.4364808652246256
1845.0,0.43531613976705485
1846.0,0.4341514143094842
1847.0,0.4335690515806987
1848.0,0.4309484193011647
1849.0,0.42949251247920134
1850.0,0.42716306156405986
1851.0,0.42570715474209636
1852.0,0.423377703826955
1853.0,0.4204658901830282
1854.0,0.4175540765391014
1855.0,0.4158069883527453
1856.0,0.41202163061564057
1857.0,0.40794509151414304
1858.0,0.40532445923460897
1859.0,0.4015391014975041
1860.0,0.39746256239600664
1861.0,0.3933860232945091
1862.0,0.38901830282861893
1863.0,0.38435940099833615
1864.0,0.3791181364392679
1865.0,0.3741680532445923
1866.0,0.3686356073211314
1867.0,0.3625207986688852
1868.0,0.3555324459234609
1869.0,0.3485440931780366
1870.0,0.34184692179700493
1871.0,0.3334026622296173
1872.0,0.32437603993344427
1873.0,0.3162229617304492
1874.0,0.3069051580698835
1875.0,0.2984608985024958
1876.0,0.2891430948419301
1877.0,0.27924292845257903
1878.0,0.2705074875207987
1879.0,0.2626455906821963
1880.0,0.2533277870216306
1881.0,0.2451747088186356
1882.0,0.23556572379367718
1883.0,0.22770382695507485
1884.0,0.2186772046589018
1885.0,0.2096505823627288
1886.0,0.20004159733777038
1887.0,0.19217970049916805
1888.0,0.18344425956738766
1889.0,0.175
1890.0,0.16684692179700497
1891.0,0.15869384359400998
1892.0,0.1510648918469218
1893.0,0.1442221297836938
1894.0,0.13764143094841927
1895.0,0.13272046589018302
1896.0,0.12753743760399333
1897.0,0.12244176372712146
1898.0,0.11731697171381032
1899.0,0.1126871880199667
1900.0,0.10837770382695505
1901.0,0.10435940099833609
1902.0,0.10013727121464225
1903.0,0.09728369384359399
1904.0,0.09402246256239599
1905.0,0.09116888519134773
1906.0,0.08886855241264557
1907.0,0.08659733777038268
1908.0,0.08412229617304491
1909.0,0.08220049916805323
1910.0,0.08045341098169716
1911.0,0.07870632279534108
1912.0,0.07695923460898502
1913.0,0.07524126455906821
1914.0,0.07492096505823627
1915.0,0.07524126455906821
1916.0,0.073698003327787
1917.0,0.07270798668885191
1918.0,0.07192179700499167
1919.0,0.0717179700499168
1920.0,0.07104825291181363
1921.0,0.07049500831946755
1922.0,0.07101913477537437
1923.0,0.07078618968386023
1924.0,0.06959234608985024
1925.0,0.06967970049916804
1926.0,0.06921381031613975
1927.0,0.0694467554076539
1928.0,0.06895174708818634
1929.0,0.06860232945091513
1930.0,0.06799084858569052
1931.0,0.06784525790349417
1932.0,0.06860232945091513
1933.0,0.06825291181364393
1934.0,0.06854409317803659
1935.0,0.06906821963394343
1936.0,0.06976705490848585
1937.0,0.06956322795341098
1938.0,0.07014559068219633
1939.0,0.07029118136439268
1940.0,0.06959234608985024
1941.0,0.070436772046589
1942.0,0.0709900166389351
1943.0,0.07072795341098169
1944.0,0.0710773710482529
1945.0,0.07145590682196339
1946.0,0.07279534109816971
1947.0,0.07288269550748752
1948.0,0.07331946755407653
1949.0,0.07349417637271215
1950.0,0.07419301164725456
1951.0,0.07460066555740431
1952.0,0.07550332778702161
1953.0,0.0757945091514143
1954.0,0.07672628951747087
1955.0,0.07742512479201331
1956.0,0.07722129783693842
1957.0,0.07780366056572378
1958.0,0.07867720465890182
1959.0,0.07905574043261229
1960.0,0.07972545757071546
1961.0,0.08170549084858568
1962.0,0.08196755407653909
1963.0,0.0828702163061564
1964.0,0.08362728785357737
1965.0,0.08394758735440931
1966.0,0.08438435940099832
1967.0,0.08566555740432612
1968.0,0.08618968386023294
1969.0,0.08659733777038268
1970.0,0.08752911813643925
1971.0,0.0890432612312812
1972.0,0.09023710482529117
1973.0,0.0906738768718802
1974.0,0.09073211314475872
1975.0,0.09247920133111479
1976.0,0.09335274542429281
1977.0,0.09463394342762062
1978.0,0.09489600665557403
1979.0,0.0961189683860233
1980.0,0.09725457570715473
1981.0,0.09821547420965059
1982.0,0.09961314475873544
1983.0,0.1000790349417637
1984.0,0.10150582362728784
1985.0,0.10304908485856903
1986.0,0.10325291181364393
1987.0,0.10450499168053244
1988.0,0.10610648918469215
1989.0,0.10718386023294507
1990.0,0.10843594009983361
1991.0,0.10948419301164725
1992.0,0.11009567387687187
1993.0,0.11126039933444258
1994.0,0.11239600665557403
1995.0,0.11347337770382693
1996.0,0.11475457570715474
1997.0,0.11536605657237936
1998.0,0.11635607321131444
1999.0,0.11760815307820296
2000.0,0.11891846921797004
2001.0,0.12008319467554075
2002.0,0.12162645590682193
2003.0,0.12197587354409316
2004.0,0.12279118136439265
2005.0,0.12488768718801994
2006.0,0.12581946755407653
2007.0,0.1266638935108153
2008.0,0.12806156405990016
2009.0,0.12940099833610647
2010.0,0.1305657237936772
2011.0,0.13161397670549083
2012.0,0.13324459234608982
2013.0,0.1346422628951747
2014.0,0.13534109816971712
2015.0,0.13618552412645588
2016.0,0.13679700499168052
2017.0,0.1387770382695507
2018.0,0.14029118136439267
2019.0,0.140873544093178
2020.0,0.14209650582362726
2021.0,0.1428826955074875
2022.0,0.14430948419301162
2023.0,0.14465890183028282
2024.0,0.14611480865224624
2025.0,0.1473377703826955
2026.0,0.14765806988352742
2027.0,0.14856073211314472
2028.0,0.14995840266222962
2029.0,0.15100665557404322
2030.0,0.15263727121464224
2031.0,0.15310316139767052
2032.0,0.15455906821963394
2033.0,0.15517054908485856
2034.0,0.15528702163061564
2035.0,0.15636439267886854
2036.0,0.15665557404326122
2037.0,0.1584026622296173
2038.0,0.159567387687188
2039.0,0.16014975041597337
2040.0,0.16131447587354406
2041.0,0.16160565723793674
2042.0,0.16160565723793674
2043.0,0.16335274542429282
2044.0,0.16451747088186353
2045.0,0.16568219633943423
2046.0,0.16597337770382692
2047.0,0.1665557404326123
2048.0,0.16830282861896836
2049.0,0.1688851913477537
2050.0,0.1703410981697171
2051.0,0.17092346089850247
2052.0,0.1717970049916805
2053.0,0.17267054908485854
2054.0,0.17267054908485854
2055.0,0.1735440931780366
2056.0,0.1747088186356073
2057.0,0.175
2058.0,0.1761647254575707
2059.0,0.17703826955074872
2060.0,0.1773294509151414
2061.0,0.1787853577371048
2062.0,0.17936772046589017
2063.0,0.18082362728785356
2064.0,0.18082362728785356
2065.0,0.18169717138103159
2066.0,0.18373544093178035
2067.0,0.18460898502495837
2068.0,0.18519134775374374
2069.0,0.18635607321131445
2070.0,0.18664725457570713
2071.0,0.18781198003327784
2072.0,0.18897670549084855
2073.0,0.18955906821963395
2074.0,0.19072379367720466
2075.0,0.19159733777038265
2076.0,0.19217970049916805
2077.0,0.19334442595673876
2078.0,0.1942179700499168
2079.0,0.19480033277870215
2080.0,0.19625623960066554
2081.0,0.1971297836938436
2082.0,0.1968386023294509
2083.0,0.198585690515807
2084.0,0.19916805324459233
2085.0,0.2009151414309484
2086.0,0.20149750415973378
2087.0,0.2012063227953411
2088.0,0.20324459234608983
2089.0,0.2035357737104825
2090.0,0.20411813643926788
2091.0,0.2052828618968386
2092.0,0.2064475873544093
2093.0,0.20673876871880198
2094.0,0.20761231281198
2095.0,0.2081946755407654
2096.0,0.20994176372712148
2097.0,0.21023294509151416
2098.0,0.2108153078202995
2099.0,0.2119800332778702
2100.0,0.21314475873544095
2101.0,0.2137271214642263
2102.0,0.2137271214642263
2103.0,0.21518302828618968
2104.0,0.2163477537437604
2105.0,0.21693011647254573
2106.0,0.21780366056572378
2107.0,0.21809484193011644
2108.0,0.2201331114808652
2109.0,0.2201331114808652
2110.0,0.22100665557404323
2111.0,0.2212978369384359
2112.0,0.223044925124792
2113.0,0.2227537437603993
2114.0,0.22362728785357736
2115.0,0.22450083194675538
2116.0,0.2253743760399334
2117.0,0.2253743760399334
2118.0,0.22624792013311146
2119.0,0.2268302828618968
2120.0,0.22770382695507485
2121.0,0.2282861896838602
2122.0,0.22886855241264556
2123.0,0.22945091514143096
2124.0,0.23032445923460898
2125.0,0.23119800332778698
2126.0,0.23265391014975037
2127.0,0.23294509151414308
2128.0,0.23294509151414308
2129.0,0.23323627287853577
2130.0,0.23323627287853577
2131.0,0.23440099833610648
2132.0,0.23527454242928453
2133.0,0.23614808652246255
2134.0,0.23643926788685524
2135.0,0.23673044925124792
2136.0,0.23702163061564058
2137.0,0.23789517470881863
2138.0,0.23847753743760397
2139.0,0.23847753743760397
2140.0,0.23935108153078202
2141.0,0.2396422628951747
2142.0,0.24022462562396005
2143.0,0.24051580698835273
2144.0,0.24168053244592344
2145.0,0.24138935108153076
2146.0,0.2422628951747088
2147.0,0.24284525790349415
2148.0,0.2431364392678868
2149.0,0.2440099833610649
2150.0,0.24459234608985023
2151.0,0.24546589018302825
2152.0,0.2451747088186356
2153.0,0.24575707154742094
2154.0,0.2460482529118136
2155.0,0.24663061564059896
2156.0,0.24663061564059896
2157.0,0.2480865224625624
2158.0,0.24779534109816967
2159.0,0.2480865224625624
2160.0,0.24925124792013312
2161.0,0.24954242928452575
2162.0,0.2501247920133111
2163.0,0.2501247920133111
2164.0,0.25128951747088185
2165.0,0.2515806988352745
2166.0,0.25187188019966716
2167.0,0.2521630615640599
2168.0,0.2530366056572379
2169.0,0.25332778702163056
2170.0,0.25420133111480864
2171.0,0.25420133111480864
2172.0,0.2544925124792013
2173.0,0.2553660565723793
2174.0,0.2571131447587354
2175.0,0.2574043261231281
2176.0,0.25769550748752074
2177.0,0.2582778702163061
2178.0,0.25915141430948413
2179.0,0.25915141430948413
2180.0,0.2594425956738768
2181.0,0.2597337770382695
2182.0,0.2608985024958402
2183.0,0.26118968386023284
2184.0,0.2617720465890183
2185.0,0.2623544093178036
2186.0,0.2635191347753743
2187.0,0.2635191347753743
2188.0,0.2641014975041596
2189.0,0.26497504159733776
2190.0,0.26672212978369375
2191.0,0.26643094841930115
2192.0,0.2670133111480864
2193.0,0.2675956738768719
2194.0,0.2681780366056572
2195.0,0.2690515806988353
2196.0,0.26963394342762054
2197.0,0.27021630615640596
2198.0,0.27050748752079856
2199.0,0.271089850249584
2200.0,0.27167221297836935
2201.0,0.27167221297836935
2202.0,0.27196339434276207
2203.0,0.27341930116472535
2204.0,0.27341930116472535
2205.0,0.2728369384359401
2206.0,0.2737104825291181
2207.0,0.27429284525790343
2208.0,0.2751663893510815
2209.0,0.27574875207986677
2210.0,0.27633111480865225
2211.0,0.2757487520798669
2212.0,0.27603993344425953
2213.0,0.2772046589018302
2214.0,0.2772046589018302
2215.0,0.27778702163061564
2216.0,0.2772046589018303
2217.0,0.27836938435940095
2218.0,0.27836938435940095
2219.0,0.2789517470881863
2220.0,0.2795341098169717
2221.0,0.2795341098169717
2222.0,0.27924292845257903
2223.0,0.2789517470881864
2224.0,0.2789517470881863
2225.0,0.27924292845257903
2226.0,0.2795341098169717
2227.0,0.2789517470881864
2228.0,0.2786605657237936
2229.0,0.2786605657237936
2230.0,0.2780782029950083
2231.0,0.277495840266223
2232.0,0.2772046589018302
2233.0,0.27691347753743756
2234.0,0.2754575707154742
2235.0,0.2748752079866888
2236.0,0.27429284525790343
2237.0,0.27429284525790343
2238.0,0.2725457570715474
2239.0,0.27138103161397664
2240.0,0.2699251247920133
2241.0,0.26963394342762054
2242.0,0.2673044925124791
2243.0,0.26613976705490844
2244.0,0.26555740432612307
2245.0,0.26439267886855233
2246.0,0.26322795341098165
2247.0,0.2626455906821963
2248.0,0.26148086522462555
2249.0,0.26031613976705487
2250.0,0.25886023294509153
2251.0,0.2579866888519134
2252.0,0.2571131447587354
2253.0,0.2550748752079866
2254.0,0.253910149750416
2255.0,0.2521630615640599
2256.0,0.2515806988352745
2257.0,0.2501247920133111
2258.0,0.24954242928452575
2259.0,0.247504159733777
2260.0,0.24663061564059896
2261.0,0.24459234608985023
2262.0,0.24459234608985023
2263.0,0.24342762063227952
2264.0,0.2410981697171381
2265.0,0.24022462562396005
2266.0,0.23876871880199665
2267.0,0.2381863560732113
2268.0,0.23702163061564058
2269.0,0.23614808652246255
2270.0,0.23440099833610648
2271.0,0.2341098169717138
2272.0,0.23207154742096506
2273.0,0.23061564059900166
2274.0,0.22974209650582358
2275.0,0.22945091514143096
2276.0,0.2282861896838602
2277.0,0.22653910149750414
2278.0,0.22624792013311146
2279.0,0.22508319467554075
2280.0,0.22391846921797
2281.0,0.22362728785357736
2282.0,0.2227537437603993
2283.0,0.22100665557404323
2284.0,0.22071547420965057
2285.0,0.21984193011647252
2286.0,0.2189683860232945
2287.0,0.21722129783693842
2288.0,0.2163477537437604
2289.0,0.21460066555740434
2290.0,0.21460066555740434
2291.0,0.21314475873544095
2292.0,0.2134359400998336
2293.0,0.21139767054908487
2294.0,0.21023294509151416
2295.0,0.2093594009983361
2296.0,0.2093594009983361
2297.0,0.2090682196339434
2298.0,0.2081946755407654
2299.0,0.2070299500831947
2300.0,0.20586522462562398
2301.0,0.2049916805324459
2302.0,0.20411813643926788
2303.0,0.20295341098169717
2304.0,0.2023710482529118
2305.0,0.2009151414309484
2306.0,0.20149750415973378
2307.0,0.1997504159733777
2308.0,0.19916805324459233
2309.0,0.19945923460898501
2310.0,0.1971297836938436
2311.0,0.19771214642262894
2312.0,0.19771214642262894
2313.0,0.19625623960066554
2314.0,0.19625623960066554
2315.0,0.1968386023294509
2316.0,0.19625623960066554
2317.0,0.19538269550748752
2318.0,0.19480033277870215
2319.0,0.19363560732113144
2320.0,0.19305324459234605
2321.0,0.19363560732113144
2322.0,0.19305324459234605
2323.0,0.19247088186356073
2324.0,0.19014143094841926
2325.0,0.18955906821963395
2326.0,0.19014143094841926
2327.0,0.18897670549084855
2328.0,0.18781198003327784
2329.0,0.18752079866888516
2330.0,0.18722961730449247
2331.0,0.18635607321131445
2332.0,0.18577371048252908
2333.0,0.18373544093178035
2334.0,0.18402662229617303
2335.0,0.1828618968386023
2336.0,0.18169717138103159
2337.0,0.18111480865224622
2338.0,0.17936772046589017
2339.0,0.17820299500831943
2340.0,0.17791181364392677
2341.0,0.1773294509151414
2342.0,0.17703826955074872
2343.0,0.175873544093178
2344.0,0.1744176372712146
2345.0,0.1744176372712146
2346.0,0.17383527454242925
2347.0,0.1729617304492512
2348.0,0.1715058236272878
2349.0,0.17121464226289515
2350.0,0.17092346089850247
2351.0,0.17063227953410978
2352.0,0.1700499168053244
2353.0,0.16859400998336102
2354.0,0.1688851913477537
2355.0,0.1674292845257903
2356.0,0.16801164725457568
2357.0,0.16684692179700497
2358.0,0.1662645590682196
2359.0,0.16451747088186353
2360.0,0.16364392678868547
2361.0,0.16335274542429282
2362.0,0.16509983361064887
2363.0,0.16306156405990013
2364.0,0.16160565723793674
2365.0,0.1607321131447587
2366.0,0.16131447587354406
2367.0,0.16160565723793674
2368.0,0.15956738768718798
2369.0,0.15898502495840264
2370.0,0.1578202995008319
2371.0,0.15665557404326122
2372.0,0.15665557404326122
2373.0,0.15607321131447585
2374.0,0.15450083194675537
2375.0,0.15452995008319464
2376.0,0.1535108153078203
2377.0,0.15368552412645586
2378.0,0.1523169717138103
2379.0,0.15228785357737104
2380.0,0.15228785357737104
2381.0,0.1500166389351081
2382.0,0.15106489184692176
2383.0,0.15065723793677202
2384.0,0.1477454242928452
2385.0,0.14800748752079865
2386.0,0.14803660565723792
2387.0,0.14693011647254575
2388.0,0.14658069883527453
2389.0,0.14521214642262895
2390.0,0.14302828618968383
2391.0,0.1423585690515807
2392.0,0.1415432612312812
2393.0,0.14238768718801995
2394.0,0.14075707154742093
2395.0,0.1400582362728785
2396.0,0.14043677204658903
2397.0,0.1379908485856905
2398.0,0.13793261231281198
2399.0,0.13784525790349414
2400.0,0.13711730449251247
2401.0,0.135544925124792
2402.0,0.13569051580698832
2403.0,0.13502079866888517
2404.0,0.13350665557404326
2405.0,0.13175956738768715
2406.0,0.1314683860232945
2407.0,0.13039101497504157
2408.0,0.12852745424292844
2409.0,0.12846921797004993
2410.0,0.1301871880199667
2411.0,0.12919717138103162
2412.0,0.1274792013311148
2413.0,0.12625623960066554
2414.0,0.12349001663893511
2415.0,0.12445091514143093
2416.0,0.12349001663893511
2417.0,0.12427620632279532
2418.0,0.12252911813643927
2419.0,0.12101497504159732
2420.0,0.11964642262895171
2421.0,0.11993760399334442
2422.0,0.11766638935108152
2423.0,0.11888935108153076
2424.0,0.11763727121464225
2425.0,0.11580282861896835
2426.0,0.11504575707154742
2427.0,0.113589850249584
2428.0,0.11364808652246255
2429.0,0.11294925124792013
2430.0,0.11254159733777037
2431.0,0.11085274542429285
2432.0,0.11140599001663892
2433.0,0.10925124792013309
2434.0,0.10753327787021631
2435.0,0.10750415973377701
2436.0,0.10764975041597336
2437.0,0.10782445923460895
2438.0,0.10654326123128117
2439.0,0.10686356073211312
2440.0,0.10596089850249582
2441.0,0.10415557404326123
2442.0,0.10272878535773709
2443.0,0.10287437603993344
2444.0,0.10395174708818633
2445.0,0.10150582362728784
2446.0,0.09952579034941764
2447.0,0.09856489184692178
2448.0,0.09769134775374376
2449.0,0.09620632279534108
2450.0,0.09626455906821962
2451.0,0.09620632279534108
2452.0,0.09652662229617302
2453.0,0.09437188019966719
2454.0,0.09408069883527452
2455.0,0.09486688851913477
2456.0,0.0946339434276206
2457.0,0.09143094841930115
2458.0,0.09192595673876872
2459.0,0.09192595673876872
2460.0,0.09090682196339435
2461.0,0.09154742096505823
2462.0,0.0901206322795341
2463.0,0.08910149750415972
2464.0,0.08991680532445921
2465.0,0.08857737104825289
2466.0,0.08974209650582363
2467.0,0.08881031613976705
2468.0,0.08432612312811978
2469.0,0.08429700499168051
2470.0,0.08598585690515806
2471.0,0.0844134775374376
2472.0,0.0838602329450915
2473.0,0.08190931780366055
2474.0,0.08254991680532443
2475.0,0.08164725457570714
2476.0,0.08249168053244592
2477.0,0.08319051580698834
2478.0,0.08374376039933443
2479.0,0.08176372712146422
2480.0,0.08190931780366055
2481.0,0.08208402662229618
2482.0,0.08103577371048253
2483.0,0.0803369384359401
2484.0,0.07963810316139767
2485.0,0.07920133111480865
2486.0,0.07873544093178036
2487.0,0.07736688851913474
2488.0,0.07666805324459233
2489.0,0.07346505823627288
2490.0,0.07573627287853577
2491.0,0.07241680532445922
2492.0,0.07192179700499168
2493.0,0.07442595673876871
2494.0,0.07192179700499167
2495.0,0.07419301164725457
2496.0,0.07538685524126455
2497.0,0.07564891846921797
2498.0,0.0747171381031614
2499.0,0.07165973377703826
2500.0,0.07841514143094841
2501.0,0.07651830282861898
2502.0,0.07651830282861898
2503.0,0.07651830282861898
2504.0,0.07651830282861898
2505.0,0.07651830282861898
2506.0,0.07651830282861898
2507.0,0.07651830282861898
2508.0,0.07651830282861898
2509.0,0.07651830282861898
2510.0,0.07651830282861898
2511.0,0.07651830282861898
2512.0,0.07651830282861898
2513.0,0.07651830282861898
2514.0,0.07651830282861898
2515.0,0.07651830282861898
2516.0,0.07651830282861898
2517.0,0.07651830282861898
2518.0,0.07651830282861898
2519.0,0.07651830282861898
2520.0,0.07651830282861898
2521.0,0.07651830282861898
2522.0,0.07651830282861898
2523.0,0.07651830282861898
2524.0,0.07651830282861898
2525.0,0.07651830282861898
2526.0,0.07651830282861898
2527.0,0.07651830282861898
2528.0,0.07651830282861898
2529.0,0.07651830282861898
2530.0,0.07651830282861898
2531.0,0.07651830282861898
2532.0,0.07651830282861898
2533.0,0.07651830282861898
2534.0,0.07651830282861898
2535.0,0.07651830282861898
2536.0,0.07651830282861898
2537.0,0.07651830282861898
2538.0,0.07651830282861898
2539.0,0.07651830282861898
2540.0,0.07651830282861898
2541.0,0.07651830282861898
2542.0,0.07651830282861898
2543.0,0.07651830282861898
2544.0,0.07651830282861898
2545.0,0.07651830282861898
2546.0,0.07651830282861898
2547.0,0.07651830282861898
2548.0,0.07651830282861898
2549.0,0.07651830282861898
2550.0,0.07651830282861898
2551.0,0.07651830282861898
2552.0,0.07651830282861898
2553.0,0.07651830282861898
2554.0,0.07651830282861898
2555.0,0.07651830282861898
2556.0,0.07651830282861898
2557.0,0.07651830282861898
2558.0,0.07651830282861898
2559.0,0.07651830282861898
2560.0,0.07651830282861898
2561.0,0.07651830282861898
2562.0,0.07651830282861898
2563.0,0.07651830282861898
2564.0,0.07651830282861898
2565.0,0.07651830282861898
2566.0,0.07651830282861898
2567.0,0.07651830282861898
2568.0,0.07651830282861898
2569.0,0.07651830282861898
2570.0,0.07651830282861898
2571.0,0.07651830282861898
2572.0,0.07651830282861898
2573.0,0.07651830282861898
2574.0,0.07651830282861898
2575.0,0.07651830282861898
2576.0,0.07651830282861898
2577.0,0.07651830282861898
2578.0,0.07651830282861898
2579.0,0.07651830282861898
2580.0,0.07651830282861898
2581.0,0.07651830282861898
2582.0,0.07651830282861898
2583.0,0.07651830282861898
2584.0,0.07651830282861898
2585.0,0.07651830282861898
2586.0,0.07651830282861898
2587.0,0.07651830282861898
2588.0,0.07651830282861898
2589.0,0.07651830282861898
2590.0,0.07651830282861898
2591.0,0.07651830282861898
2592.0,0.07651830282861898
2593.0,0.07651830282861898
2594.0,0.07651830282861898
2595.0,0.07651830282861898
2596.0,0.07651830282861898
2597.0,0.07651830282861898
2598.0,0.07651830282861898
2599.0,0.07651830282861898
2600.0,0.07651830282861898
2601.0,0.07651830282861898
2602.0,0.07651830282861898
2603.0,0.07651830282861898
2604.0,0.07651830282861898
2605.0,0.07651830282861898
2606.0,0.07651830282861898
2607.0,0.07651830282861898
2608.0,0.07651830282861898
2609.0,0.07651830282861898
2610.0,0.07651830282861898
2611.0,0.07651830282861898
2612.0,0.07651830282861898
2613.0,0.07651830282861898
2614.0,0.07651830282861898
2615.0,0.07651830282861898
2616.0,0.07651830282861898
2617.0,0.07651830282861898
2618.0,0.07651830282861898
2619.0,0.07651830282861898
2620.0,0.07651830282861898
2621.0,0.07651830282861898
2622.0,0.07651830282861898
2623.0,0.07651830282861898
2624.0,0.07651830282861898
2625.0,0.07651830282861898
2626.0,0.07651830282861898
2627.0,0.07651830282861898
2628.0,0.07651830282861898
2629.0,0.07651830282861898
2630.0,0.07651830282861898
2631.0,0.07651830282861898
2632.0,0.07651830282861898
2633.0,0.07651830282861898
2634.0,0.07651830282861898
2635.0,0.07651830282861898
2636.0,0.07651830282861898
2637.0,0.07651830282861898
2638.0,0.07651830282861898
2639.0,0.07651830282861898
2640.0,0.07651830282861898
2641.0,0.07651830282861898
2642.0,0.07651830282861898
2643.0,0.07651830282861898
2644.0,0.07651830282861898
2645.0,0.07651830282861898
2646.0,0.07651830282861898
2647.0,0.07651830282861898
2648.0,0.07651830282861898
2649.0,0.07651830282861898
2650.0,0.07651830282861898
2651.0,0.07651830282861898
2652.0,0.07651830282861898
2653.0,0.07651830282861898
2654.0,0.07651830282861898
2655.0,0.07651830282861898
2656.0,0.07651830282861898
2657.0,0.07651830282861898
2658.0,0.07651830282861898
2659.0,0.07651830282861898
2660.0,0.07651830282861898
2661.0,0.07651830282861898
2662.0,0.07651830282861898
2663.0,0.07651830282861898
2664.0,0.07651830282861898
2665.0,0.07651830282861898
2666.0,0.07651830282861898
2667.0,0.07651830282861898
2668.0,0.07651830282861898
2669.0,0.07651830282861898
2670.0,0.07651830282861898
2671.0,0.07651830282861898
2672.0,0.07651830282861898
2673.0,0.07651830282861898
2674.0,0.07651830282861898
2675.0,0.07651830282861898
2676.0,0.07651830282861898
2677.0,0.07651830282861898
2678.0,0.07651830282861898
2679.0,0.07651830282861898
2680.0,0.07651830282861898
2681.0,0.07651830282861898
2682.0,0.07651830282861898
2683.0,0.07651830282861898
2684.0,0.07651830282861898
2685.0,0.07651830282861898
2686.0,0.07651830282861898
2687.0,0.07651830282861898
2688.0,0.07651830282861898
2689.0,0.07651830282861898
2690.0,0.07651830282861898
2691.0,0.07651830282861898
2692.0,0.07651830282861898
2693.0,0.07651830282861898
2694.0,0.07651830282861898
2695.0,0.07651830282861898
2696.0,0.07651830282861898
2697.0,0.07651830282861898
2698.0,0.07651830282861898
2699.0,0.07651830282861898
2700.0,0.07651830282861898
2701.0,0.07651830282861898
2702.0,0.07651830282861898
2703.0,0.07651830282861898
2704.0,0.07651830282861898
2705.0,0.07651830282861898
2706.0,0.07651830282861898
2707.0,0.07651830282861898
2708.0,0.07651830282861898
2709.0,0.07651830282861898
2710.0,0.07651830282861898
2711.0,0.07651830282861898
2712.0,0.07651830282861898
2713.0,0.07651830282861898
2714.0,0.07651830282861898
2715.0,0.07651830282861898
2716.0,0.07651830282861898
2717.0,0.07651830282861898
2718.0,0.07651830282861898
2719.0,0.07651830282861898
2720.0,0.07651830282861898
2721.0,0.07651830282861898
2722.0,0.07651830282861898
2723.0,0.07651830282861898
2724.0,0.07651830282861898
2725.0,0.07651830282861898
2726.0,0.07651830282861898
2727.0,0.07651830282861898
2728.0,0.07651830282861898
2729.0,0.07651830282861898
2730.0,0.07651830282861898
2731.0,0.07651830282861898
2732.0,0.07651830282861898
2733.0,0.07651830282861898
2734.0,0.07651830282861898
2735.0,0.07651830282861898
2736.0,0.07651830282861898
2737.0,0.07651830282861898
2738.0,0.07651830282861898
2739.0,0.07651830282861898
2740.0,0.07651830282861898
2741.0,0.07651830282861898
2742.0,0.07651830282861898
2743.0,0.07651830282861898
2744.0,0.07651830282861898
2745.0,0.07651830282861898
2746.0,0.07651830282861898
2747.0,0.07651830282861898
2748.0,0.07651830282861898
2749.0,0.07651830282861898
2750.0,0.07651830282861898
2751.0,0.07651830282861898
2752.0,0.07651830282861898
2753.0,0.07651830282861898
2754.0,0.07651830282861898
2755.0,0.07651830282861898
2756.0,0.07651830282861898
2757.0,0.07651830282861898
2758.0,0.07651830282861898
2759.0,0.07651830282861898
2760.0,0.07651830282861898
2761.0,0.07651830282861898
2762.0,0.07651830282861898
2763.0,0.07651830282861898
2764.0,0.07651830282861898
2765.0,0.07651830282861898
2766.0,0.07651830282861898
2767.0,0.07651830282861898
2768.0,0.07651830282861898
2769.0,0.07651830282861898
2770.0,0.07651830282861898
2771.0,0.07651830282861898
2772.0,0.07651830282861898
2773.0,0.07651830282861898
2774.0,0.07651830282861898
2775.0,0.07651830282861898
2776.0,0.07651830282861898
2777.0,0.07651830282861898
2778.0,0.07651830282861898
2779.0,0.07651830282861898
2780.0,0.07651830282861898
2781.0,0.07651830282861898
2782.0,0.07651830282861898
2783.0,0.07651830282861898
2784.0,0.07651830282861898
2785.0,0.07651830282861898
2786.0,0.07651830282861898
2787.0,0.07651830282861898
2788.0,0.07651830282861898
2789.0,0.07651830282861898
2790.0,0.07651830282861898
2791.0,0.07651830282861898
2792.0,0.07651830282861898
2793.0,0.07651830282861898
2794.0,0.07651830282861898
2795.0,0.07651830282861898
2796.0,0.07651830282861898
2797.0,0.07651830282861898
2798.0,0.07651830282861898
2799.0,0.07651830282861898
2800.0,0.07651830282861898
